✅ Task: Restructure and Standardize the /assets Directory Using Clustering and Clear Naming Conventions
Restructure the /assets directory by grouping related files into logical, clearly named folders, and renaming files for better readability, consistency, and future scalability.
---
🗂️ Updated Assets Structure:
assets/
├── 📁 backgrounds/
│   ├── grass_01.webp                  # was: grass-bg.webp
│   ├── grass_02.jpg                   # was: grass-bg1.jpg
│   ├── grass_03.webp                  # was: grass-bg3.webp
│   ├── jungle.jpg                     # was: jungle-bg.jpg
│   ├── log.png                        # unchanged
│   ├── title_screen_bg.png           # was: title-bg.png
│   └── game_over_board.png           # was: game-over-board.png

├── 📁 buttons/
│   ├── home_stone.png                # was: home-stone-button.png
│   ├── play_default.png              # was: play-button.png
│   ├── retry_stone.png               # was: retry-stone-button.png
│   ├── settings.png                  # was: settings-button.png
│   ├── play_wooden.png               # was: wooden-play-button.png
│   └── home_food_icon.png            # was: home-food.png

├── 📁 obstacles/
│   ├── rock_1_block_alt.png          # was: 1-block-obstacle.png
│   ├── rock_1_block.png              # was: 1-block-rock.png
│   ├── rock_2_blocks.png             # was: 2-blocks-rock.png
│   └── rock_4_blocks.png             # was: 4-blocks-rock.png

├── 📁 snake/
│   ├── snake_icon.png                # was: snake-icon.png
│   ├── 📁 skins/
│   │   └── 📁 greeny/
│   │       ├── head.png              # was: greeny_head.png
│   │       ├── body_straight.png     # was: greeny_body_straight.png
│   │       ├── body_turn.png         # was: greeny_body_turn.png
│   │       ├── tail.png              # was: greeny_tail.png
│   │       ├── dead_head.png         # was: greeny_dead_head.png
│   │       └── food.png              # was: greeny_food.png
│   └── 📁 sprites/
│       └── 📁 greeny/
│           └── greeny_spritesheet.png   # was: greeny.png

├── 📁 audio/
│   ├── background_music.mp3
│   ├── button_click.mp3
│   ├── collision.mp3
│   ├── eat_food.mp3
│   ├── game_over.mp3
│   ├── game_start.mp3
│   ├── hit_impact.mp3
│   ├── snake_move.mp3
│   ├── tongue_flick.mp3
│   ├── generate_audio.html
│   └── README.md

├── 📁 fonts/
│   ├── driftwood.ttf
│   └── display_dots_two_sans.ttf     # was: Display-Dots-Two-Sans.ttf
---
📌 Post-Refactoring Instructions
After restructuring the assets directory:

Update All Asset References in the Codebase:

HTML: <img src="assets/backgrounds/grass_01.webp">

CSS: background-image: url('../assets/buttons/play_default.png');

JS: Paths used for loading audio, sprites, or backgrounds

Search and Replace All Old Paths:

Replace legacy paths with the new ones across all files (index.html, style.css, game.js, etc.).

Watch out for dynamically constructed paths in JS or templating logic.

Verify and Test:

✅ Ensure all assets load correctly in the browser.

✅ Check for broken image links, missing audio, or failing JS logic.

✅ Test all game states (home, play, game over) for asset references.

🧠 Naming Guidelines Applied:
Lowercase + underscore: snake_icon.png, game_over_board.png

Removed redundant prefixes inside nested folders (greeny/ already implies "greeny_")

Clarified vague names like home-food.png → home_food_icon.png

Used numbering for similar backgrounds (grass_01, grass_02, …)